角色名,阵营,血量,技能,主色调,AI绘图提示词
朱元璋,君,4,强运：任意角色回合内每当你失去或用掉最后1张手牌时可立即摸两张牌,赤金+玄黑+暗红+石青,"中国水墨设色国风，纵向卡牌构图，仿古铜色木质边框四角做旧有铆钉。画面主体为人物胸部以上半身肖像——朱元璋位于画面中央，头戴明式翼善冠、冠翅平直，面容方正刚毅、眉目如鹰，胡须短密如铁，身披赤金色帝王袍、衣袍饰以龙纹，人物占画面约85%。设色方案以赤金、玄黑、暗红、石青为主——帝王袍以赤金与玄黑交织晕染，翼善冠描暗红与石青，衣袍龙纹以暗红勾勒，面部墨色中透赤金与玄黑。背景为极淡的金灰色晕染，不构成任何具体景物，大面积宣纸留白。无任何文字。整体色调以赤金、玄黑、暗红与石青为主，雄猜刚毅、草莽天子，新国风设色写意，高对比度，大师级水墨画作，无日式或欧美风格。"
李自成,君,4,闯王：你使用的【杀】造成伤害时摸一张牌；你受到伤害时弃置伤害来源一张牌,赭褐+暗红+土黄+墨绿,"中国水墨设色国风，纵向卡牌构图，仿古铜色木质边框四角做旧有铆钉。画面主体为人物胸部以上半身肖像——李自成位于画面中央，头戴毡笠帽、帽檐微压，面容粗犷豪迈、眉目间透草莽之气，胡须蓬乱，身披赭褐色短褐战袍、衣袍粗犷，人物占画面约85%。设色方案以赭褐、暗红、土黄、墨绿为主——战袍以赭褐与土黄交织晕染，毡笠帽描暗红与墨绿，衣袍边缘以暗红勾勒，面部墨色粗犷中透赭褐。背景为极淡的褐黄色晕染，不构成任何具体景物，大面积宣纸留白。无任何文字。整体色调以赭褐、暗红、土黄与墨绿为主，闯王豪气、均田免粮，新国风设色写意，高对比度，大师级水墨画作，无日式或欧美风格。"
吕雉,君,3,鸩杀：出牌阶段可弃置一张牌令一名角色流失1点血量；戚姬：当你受到男性角色造成的伤害时可弃置其一张牌,玄紫+暗金+墨绿+朱砂,"中国水墨设色国风，纵向卡牌构图，仿古铜色木质边框四角做旧有铆钉。画面主体为人物胸部以上半身肖像——吕雉位于画面中央，发髻高挽如云、饰以金簪，面容冷峻威严、眉目间透权谋之气，身披玄紫色深衣、衣袍饰以暗纹，人物占画面约85%。设色方案以玄紫、暗金、墨绿、朱砂为主——深衣以玄紫与墨绿交织晕染，发髻金簪描暗金与朱砂，衣袍暗纹以暗金勾勒，面部墨色冷峻中透玄紫。背景为极淡的紫灰色晕染，不构成任何具体景物，大面积宣纸留白。无任何文字。整体色调以玄紫、暗金、墨绿与朱砂为主，权谋深算、汉宫女主，新国风设色写意，高对比度，大师级水墨画作，无日式或欧美风格。"
康熙,君,4,削藩：作为主公时所有君阵营均视为臣阵营；明察：其他角色使用【药】回复时可弃一张牌为自己回复1血,明黄+宝蓝+朱砂+暗金,"中国水墨设色国风，纵向卡牌构图，仿古铜色木质边框四角做旧有铆钉。画面主体为人物胸部以上半身肖像——康熙位于画面中央，头戴清式朝冠、顶戴花翎，面容端正英明、眉目开阔，胡须修剪齐整，身披明黄色龙袍、衣袍饰以五爪金龙纹，人物占画面约85%。设色方案以明黄、宝蓝、朱砂、暗金为主——龙袍以明黄与宝蓝交织晕染，朝冠顶戴描朱砂与暗金，龙纹以暗金勾勒，面部墨色中透明黄暖意。背景为极淡的金黄色晕染，不构成任何具体景物，大面积宣纸留白。无任何文字。整体色调以明黄、宝蓝、朱砂与暗金为主，英明神武、康乾盛世，新国风设色写意，高对比度，大师级水墨画作，无日式或欧美风格。"
刘彻,君,3,威强：任意角色出【五谷丰登】时你第一个拿牌；睿德：有角色弃牌时可用手牌替换弃牌，每轮限一次,玄青+赤金+暗红+月白,"中国水墨设色国风，纵向卡牌构图，仿古铜色木质边框四角做旧有铆钉。画面主体为人物胸部以上半身肖像——刘彻位于画面中央，头戴汉式通天冠、冠梁高耸，面容阔朗威严、眉目间透雄主之气，长须飘逸，身披玄青色帝王袍、衣袍饰以云纹，人物占画面约85%。设色方案以玄青、赤金、暗红、月白为主——帝王袍以玄青与暗红交织晕染，通天冠描赤金与月白，衣袍云纹以赤金勾勒，面部墨色沉雄中透玄青。背景为极淡的青灰色晕染，不构成任何具体景物，大面积宣纸留白。无任何文字。整体色调以玄青、赤金、暗红与月白为主，雄才大略、汉武大帝，新国风设色写意，高对比度，大师级水墨画作，无日式或欧美风格。"
李煜,君,3,超脱：任意角色判定前可用黑色牌替换判定牌；后主：使用【闪】后可令任意角色判定，黑桃则造成2点伤害,月白+黛蓝+淡金+胭脂,"中国水墨设色国风，纵向卡牌构图，仿古铜色木质边框四角做旧有铆钉。画面主体为人物胸部以上半身肖像——李煜位于画面中央，头戴唐式幞头、帽翅垂落，面容清俊儒雅、眉目含愁如词中意境，长须飘逸，身披月白色宽袍、衣袍宽大如流水，手持一卷词稿置于胸前，人物占画面约85%。设色方案以月白、黛蓝、淡金、胭脂为主——宽袍以月白与黛蓝交织晕染，幞头描淡金与胭脂，词稿以枯墨与淡金描绘，面部墨色清冷中透月白与黛蓝。背景为极淡的蓝灰色晕染，不构成任何具体景物，大面积宣纸留白。无任何文字。整体色调以月白、黛蓝、淡金与胭脂为主，词帝风流、问君能有几多愁，新国风设色写意，高对比度，大师级水墨画作，无日式或欧美风格。"
张飞,臣,4,斗神：摸牌时可放弃摸牌进行判定，获得判定牌并将不同颜色手牌当【决斗】使用,铁灰+朱砂+暗金+墨绿,"中国水墨设色国风，纵向卡牌构图，仿古铜色木质边框四角做旧有铆钉。画面主体为人物胸部以上半身肖像——张飞位于画面中央，头戴铁灰色兜鍪、红缨如焰，面容粗犷威猛、双目圆睁如铜铃，胡须如钢针倒竖，身披铁灰色山文甲、肩甲厚重，手持丈八蛇矛斜扛于肩，人物占画面约85%。设色方案以铁灰、朱砂、暗金、墨绿为主——山文甲以铁灰与墨绿交织晕染，兜鍪红缨描朱砂如火焰，丈八蛇矛以暗金与铁灰描绘，面部墨色威猛中透铁灰与朱砂。背景为极淡的冷灰色晕染，不构成任何具体景物，大面积宣纸留白。无任何文字。整体色调以铁灰、朱砂、暗金与墨绿为主，万人之敌、当阳断桥，新国风设色写意，高对比度，大师级水墨画作，无日式或欧美风格。"
杨玉环,臣,3,羞花：出牌阶段可弃一张红桃牌令一名男性角色跳过出牌阶段；霓裳：你使用的【药】回复量+1,胭脂+藕荷+赤金+翠绿,"中国水墨设色国风，纵向卡牌构图，仿古铜色木质边框四角做旧有铆钉。画面主体为人物胸部以上半身肖像——杨玉环位于画面中央，发髻高挽如云、饰以金步摇与牡丹，面容丰腴娇媚、眉目含情如霓裳舞姿，身披胭脂色锦袍、衣袍宽袖如云，手持团扇半遮面，人物占画面约85%。设色方案以胭脂、藕荷、赤金、翠绿为主——锦袍以胭脂与藕荷交织晕染，发髻牡丹描赤金与翠绿，团扇以翠绿与赤金描绘，面部墨色丰润中透胭脂与藕荷。背景为极淡的粉红色晕染，不构成任何具体景物，大面积宣纸留白。无任何文字。整体色调以胭脂、藕荷、赤金与翠绿为主，回眸一笑百媚生、六宫粉黛无颜色，新国风设色写意，高对比度，大师级水墨画作，无日式或欧美风格。"
墨子,臣,3,兼爱：出牌阶段可将手牌分配给任意角色；非攻：你受到的【杀】伤害-1,墨黑+赤铜+竹青+土黄,"中国水墨设色国风，纵向卡牌构图，仿古铜色木质边框四角做旧有铆钉。画面主体为人物胸部以上半身肖像——墨子位于画面中央，头戴布巾、巾角垂落，面容古朴睿智、眉目间透哲人之思，长须灰白，身披墨黑色粗布深衣、衣袍简朴，人物占画面约85%。设色方案以墨黑、赤铜、竹青、土黄为主——深衣以墨黑与土黄交织晕染，布巾描竹青与赤铜，衣袍边缘以竹青勾勒，面部墨色古朴中透墨黑与土黄。背景为极淡的褐灰色晕染，不构成任何具体景物，大面积宣纸留白。无任何文字。整体色调以墨黑、赤铜、竹青与土黄为主，兼爱非攻、墨家巨子，新国风设色写意，高对比度，大师级水墨画作，无日式或欧美风格。"
孙武,臣,3,诡道：受到伤害时判定：红桃回复1血/方块令角色摸两张/黑桃令角色掉1血/梅花令角色弃两张牌；治军：手牌上限+1,铜绿+暗金+赭石+月白,"中国水墨设色国风，纵向卡牌构图，仿古铜色木质边框四角做旧有铆钉。画面主体为人物胸部以上半身肖像——孙武位于画面中央，头戴春秋武弁冠、冠顶方正，面容沉毅睿智、眉目间透兵家之气，长须飘逸，身披铜绿色战袍、衣袍饰以兵法竹简纹，手持一卷《孙子兵法》置于胸前，人物占画面约85%。设色方案以铜绿、暗金、赭石、月白为主——战袍以铜绿与赭石交织晕染，武弁冠描暗金与月白，兵法竹简以枯墨与暗金描绘，面部墨色沉毅中透铜绿。背景为极淡的青灰色晕染，不构成任何具体景物，大面积宣纸留白。无任何文字。整体色调以铜绿、暗金、赭石与月白为主，兵圣传世、百世兵家之师，新国风设色写意，高对比度，大师级水墨画作，无日式或欧美风格。"
林冲,民,4,豹头：出牌阶段可弃一张【杀】令一名角色弃一张牌；风雪山神庙：你受到的火焰伤害+1,赭褐+暗红+铁灰+竹青,"中国水墨设色国风，纵向卡牌构图，仿古铜色木质边框四角做旧有铆钉。画面主体为人物胸部以上半身肖像——林冲位于画面中央，头戴范阳笠、帽檐压低，面容刚毅忠勇、眉目间透悲愤之气，短须如铁，身披赭褐色布衣战袍、肩披蓑衣，手持花枪斜立，人物占画面约85%。设色方案以赭褐、暗红、铁灰、竹青为主——布衣战袍以赭褐与铁灰交织晕染，范阳笠描竹青与暗红，花枪以铁灰与竹青描绘，面部墨色刚毅中透赭褐与暗红。背景为极淡的褐灰色晕染，不构成任何具体景物，大面积宣纸留白。无任何文字。整体色调以赭褐、暗红、铁灰与竹青为主，豹子头、逼上梁山，新国风设色写意，高对比度，大师级水墨画作，无日式或欧美风格。"
貂蝉,民,3,离间：出牌阶段可弃一张牌令两名男性角色拼点，输者弃一张牌；闭月：回合结束时可摸一张牌,月白+胭脂+翠绿+赤金,"中国水墨设色国风，纵向卡牌构图，仿古铜色木质边框四角做旧有铆钉。画面主体为人物胸部以上半身肖像——貂蝉位于画面中央，发髻双鬟如蝶、簪花摇曳，面容倾国倾城、眉目含情如拜月之姿，身披月白色轻纱长裙、衣带飘飞如仙，手持一炷清香置于胸前，人物占画面约85%。设色方案以月白、胭脂、翠绿、赤金为主——长裙以月白与胭脂交织晕染，发髻簪花描翠绿与赤金，清香以赤金与月白描绘，面部墨色清丽中透月白与胭脂。背景为极淡的粉白色晕染，不构成任何具体景物，大面积宣纸留白。无任何文字。整体色调以月白、胭脂、翠绿与赤金为主，闭月羞花、连环计，新国风设色写意，高对比度，大师级水墨画作，无日式或欧美风格。"
李白,民,3,妙笔：出牌阶段可使用任意张【杀】；酒仙：可将【药】当【酒】使用,月白+天青+淡金+胭脂,"中国水墨设色国风，纵向卡牌构图，仿古铜色木质边框四角做旧有铆钉。画面主体为人物胸部以上半身肖像——李白位于画面中央，头戴幞头、巾带飘飞，面容俊朗、长眉入鬓，嘴角微扬呈醉笑之态，右手持白玉酒杯高举至肩侧，左手按剑柄于腰间，身披月白色宽袍、衣袂翻飞如云，人物占画面约85%。设色方案以月白、天青、淡金、胭脂为主——宽袍以月白与天青交织晕染，巾带描淡金与胭脂，酒杯以枯墨与淡金描绘，面部墨色清朗中透月白与天青。背景为极淡的青灰色晕染，不构成任何具体景物，大面积宣纸留白。无任何文字。整体色调以月白、天青、淡金与胭脂为主，诗仙醉吟、举杯邀明月，新国风设色写意，高对比度，大师级水墨画作，无日式或欧美风格。"
赵雍,君,3,胡服：无防具时摸牌+1，有防具时跳过弃牌；捍北：装备马时【杀】强制命中,赤铜+藏蓝+暗金+赭石,"中国水墨设色国风，纵向卡牌构图，仿古铜色木质边框四角做旧有铆钉。画面主体为人物胸部以上半身肖像——赵雍位于画面中央，头戴战国武弁冠、冠顶高耸，面容英武果决、眉目间透改革之气，胡须短密，身披赤铜色胡服战袍、衣袍紧束利落，人物占画面约85%。设色方案以赤铜、藏蓝、暗金、赭石为主——胡服战袍以赤铜与藏蓝交织晕染，武弁冠描暗金与赭石，衣袍边缘以暗金勾勒，面部墨色果决中透赤铜与藏蓝。背景为极淡的褐蓝色晕染，不构成任何具体景物，大面积宣纸留白。无任何文字。整体色调以赤铜、藏蓝、暗金与赭石为主，胡服骑射、改革之父，新国风设色写意，高对比度，大师级水墨画作，无日式或欧美风格。"
孙权,君,4,对峙：出牌阶段可将♦花色手牌当【隔岸观火】使用；制衡：状态标志生效前可弃一张牌取消一名角色状态,宝蓝+赤金+翠绿+朱砂,"中国水墨设色国风，纵向卡牌构图，仿古铜色木质边框四角做旧有铆钉。画面主体为人物胸部以上半身肖像——孙权位于画面中央，头戴吴式冕冠、冠饰简朴，面容沉稳睿智、眉目间透江东之主的气度，长须飘逸，身披宝蓝色帝王袍、衣袍饰以江涛纹，人物占画面约85%。设色方案以宝蓝、赤金、翠绿、朱砂为主——帝王袍以宝蓝与翠绿交织晕染，冕冠描赤金与朱砂，江涛纹以赤金勾勒，面部墨色沉稳中透宝蓝与翠绿。背景为极淡的蓝灰色晕染，不构成任何具体景物，大面积宣纸留白。无任何文字。整体色调以宝蓝、赤金、翠绿与朱砂为主，紫髯碧眼、坐断东南，新国风设色写意，高对比度，大师级水墨画作，无日式或欧美风格。"
杨广,君,3,巡幸：出牌阶段可弃一张牌令一名角色摸一张牌并翻面；暴政：你造成的伤害+1但受到伤害也+1,暗紫+赤金+暗红+墨绿,"中国水墨设色国风，纵向卡牌构图，仿古铜色木质边框四角做旧有铆钉。画面主体为人物胸部以上半身肖像——杨广位于画面中央，头戴隋式通天冠、冠饰繁复，面容阴鸷俊美、眉目间透骄奢之气，胡须修剪齐整，身披暗紫色帝王袍、衣袍饰以金线纹，人物占画面约85%。设色方案以暗紫、赤金、暗红、墨绿为主——帝王袍以暗紫与墨绿交织晕染，通天冠描赤金与暗红，衣袍金纹以赤金勾勒，面部墨色阴鸷中透暗紫与暗红。背景为极淡的紫灰色晕染，不构成任何具体景物，大面积宣纸留白。无任何文字。整体色调以暗紫、赤金、暗红与墨绿为主，雄才大略、骄奢暴虐，新国风设色写意，高对比度，大师级水墨画作，无日式或欧美风格。"
白起,臣,4,人屠：你的【杀】造成伤害时可弃置目标一张牌；武安：你对血量低于你的角色造成伤害+1,铁灰+暗红+玄黑+赤铜,"中国水墨设色国风，纵向卡牌构图，仿古铜色木质边框四角做旧有铆钉。画面主体为人物胸部以上半身肖像——白起位于画面中央，头戴战国武弁冠、冠顶尖锐，面容冷峻残酷、眉目如刀，短须如铁，身披铁灰色战甲、肩甲锋利如刃，人物占画面约85%。设色方案以铁灰、暗红、玄黑、赤铜为主——战甲以铁灰与玄黑交织晕染，武弁冠描暗红与赤铜，肩甲边缘以暗红勾勒，面部墨色冷酷中透铁灰与暗红。背景为极淡的暗灰色晕染，不构成任何具体景物，大面积宣纸留白。无任何文字。整体色调以铁灰、暗红、玄黑与赤铜为主，杀神降世、长平之殇，新国风设色写意，高对比度，大师级水墨画作，无日式或欧美风格。"
王昭君,臣,3,和亲：出牌阶段可与一名民男性角色建立和亲，双方摸牌+1；落雁：你受到的属性伤害-1,月白+黛蓝+胭脂+暗金,"中国水墨设色国风，纵向卡牌构图，仿古铜色木质边框四角做旧有铆钉。画面主体为人物胸部以上半身肖像——王昭君位于画面中央，发髻绾成胡式、饰以珠翠，面容清丽绝俗、眉目含愁如出塞之思，身披月白色胡袍、衣袍饰以貂裘领，手持琵琶半抱于胸前，人物占画面约85%。设色方案以月白、黛蓝、胭脂、暗金为主——胡袍以月白与黛蓝交织晕染，貂裘领描暗金与胭脂，琵琶以赭石与暗金描绘，面部墨色清冷中透月白与黛蓝。背景为极淡的蓝白色晕染，不构成任何具体景物，大面积宣纸留白。无任何文字。整体色调以月白、黛蓝、胭脂与暗金为主，落雁出塞、胡汉和亲，新国风设色写意，高对比度，大师级水墨画作，无日式或欧美风格。"
罗成,臣,4,骠骑：未装备武器时攻击范围为3；破阵：攻击范围大于目标血量时【杀】强制命中，小于时摸一张牌,银白+朱砂+藏蓝+暗金,"中国水墨设色国风，纵向卡牌构图，仿古铜色木质边框四角做旧有铆钉。画面主体为人物胸部以上半身肖像——罗成位于画面中央，头戴银盔、红缨高扬，面容俊朗英武、眉目如画，身披银白色明光铠、肩甲精致，手持银枪斜指前方，人物占画面约85%。设色方案以银白、朱砂、藏蓝、暗金为主——明光铠以银白与藏蓝交织晕染，银盔红缨描朱砂如火焰，银枪以银白与暗金描绘，面部墨色英武中透银白与朱砂。背景为极淡的银灰色晕染，不构成任何具体景物，大面积宣纸留白。无任何文字。整体色调以银白、朱砂、藏蓝与暗金为主，冷面寒枪、隋唐第七条好汉，新国风设色写意，高对比度，大师级水墨画作，无日式或欧美风格。"
鬼谷子,民,3,纵横：出牌阶段可将♦牌当【合纵连横】使用；玄微：弃一张牌使本轮同色牌对你伤害无效，延时锦囊不可被无懈可击,玄紫+月白+暗金+竹青,"中国水墨设色国风，纵向卡牌构图，仿古铜色木质边框四角做旧有铆钉。画面主体为人物胸部以上半身肖像——鬼谷子位于画面中央，头戴道冠、冠顶浑圆，面容清癯睿智、眉目深如幽谷，长须及胸，身披玄紫色道袍、衣袍饰以阴阳太极纹，手持一卷天书置于胸前，人物占画面约85%。设色方案以玄紫、月白、暗金、竹青为主——道袍以玄紫与月白交织晕染，道冠描暗金与竹青，太极纹以暗金与月白勾勒，面部墨色深邃中透玄紫与竹青。背景为极淡的紫灰色晕染，不构成任何具体景物，大面积宣纸留白。无任何文字。整体色调以玄紫、月白、暗金与竹青为主，纵横捭阖、鬼谷奇谋，新国风设色写意，高对比度，大师级水墨画作，无日式或欧美风格。"
伯乐,民,3,相马：其他角色判定时可预言花色，成功摸两张牌，失败可查看牌堆五张；识骏：默认装备+1马,赭褐+暗金+竹青+月白,"中国水墨设色国风，纵向卡牌构图，仿古铜色木质边框四角做旧有铆钉。画面主体为人物胸部以上半身肖像——伯乐位于画面中央，头戴布巾、巾角飞扬，面容慈和睿智、眉目间透识才之明，长须花白，身披赭褐色布衣、衣袍简朴，手持一卷相马经置于胸前，人物占画面约85%。设色方案以赭褐、暗金、竹青、月白为主——布衣以赭褐与竹青交织晕染，布巾描月白与暗金，相马经以枯墨与暗金描绘，面部墨色慈和中透赭褐与竹青。背景为极淡的褐黄色晕染，不构成任何具体景物，大面积宣纸留白。无任何文字。整体色调以赭褐、暗金、竹青与月白为主，千里马常有而伯乐不常有，新国风设色写意，高对比度，大师级水墨画作，无日式或欧美风格。"
唐伯虎,民,3,才子：摸牌数为2+场上女性角色数量（上限4）；风流：回合结束后可摸取掉血手牌数并分配给任意角色,月白+淡粉+翠绿+赤金,"中国水墨设色国风，纵向卡牌构图，仿古铜色木质边框四角做旧有铆钉。画面主体为人物胸部以上半身肖像——唐伯虎位于画面中央，头戴明式幞头、帽翅平直，面容俊朗潇洒、眉目含笑如风流才子，长须飘逸，身披月白色宽袍、衣袍饰以墨竹纹，手持折扇轻摇于胸前，人物占画面约85%。设色方案以月白、淡粉、翠绿、赤金为主——宽袍以月白与淡粉交织晕染，幞头描翠绿与赤金，折扇以翠绿与赤金描绘，面部墨色潇洒中透月白与淡粉。背景为极淡的粉白色晕染，不构成任何具体景物，大面积宣纸留白。无任何文字。整体色调以月白、淡粉、翠绿与赤金为主，风流才子、点秋香，新国风设色写意，高对比度，大师级水墨画作，无日式或欧美风格。"
穆桂英,民,3,英烈：每次最多受1点伤害；破阵：黑牌可当【舍我其谁】使用；挂帅：弃装备牌加血加上限转为臣阵营（详见游戏内说明）,赤红+金橙+藏蓝+翠绿,"中国水墨设色国风，纵向卡牌构图，仿古铜色木质边框四角做旧有铆钉。画面主体为人物胸部以上半身肖像——穆桂英位于画面中央，头戴凤翅银盔、红缨高扬，面容英姿飒爽、眉目间透巾帼之气，身披赤红色战袍、外罩金橙色铠甲，手持梨花枪斜指前方，人物占画面约85%。设色方案以赤红、金橙、藏蓝、翠绿为主——战袍以赤红与金橙交织晕染，银盔描藏蓝与翠绿，梨花枪以银白与翠绿描绘，面部墨色英武中透赤红与金橙。背景为极淡的金红色晕染，不构成任何具体景物，大面积宣纸留白。无任何文字。整体色调以赤红、金橙、藏蓝与翠绿为主，巾帼英雄、穆桂英挂帅，新国风设色写意，高对比度，大师级水墨画作，无日式或欧美风格。"
狄仁杰,臣,3,断案：出牌阶段可弃一张牌令一名角色判定，若为红色则弃一张牌；举荐：回合结束时可令一名角色摸两张牌,玄青+赤金+月白+竹青,"中国水墨设色国风，纵向卡牌构图，仿古铜色木质边框四角做旧有铆钉。画面主体为人物胸部以上半身肖像——狄仁杰位于画面中央，头戴唐式幞头、帽翅平直，面容睿智刚正、眉目如炬，长须及胸，身披玄青色官袍、衣袍饰以獬豸纹，手持一卷案卷置于胸前，人物占画面约85%。设色方案以玄青、赤金、月白、竹青为主——官袍以玄青与月白交织晕染，幞头描赤金与竹青，獬豸纹以赤金勾勒，面部墨色刚正中透玄青与月白。背景为极淡的青灰色晕染，不构成任何具体景物，大面积宣纸留白。无任何文字。整体色调以玄青、赤金、月白与竹青为主，神探断案、狄公明镜，新国风设色写意，高对比度，大师级水墨画作，无日式或欧美风格。"
张三丰,民,3,太极：你使用的【闪】可当【杀】使用；武当：回合结束时可令一名角色摸一张牌,灰褐+竹青+暗金+月白,"中国水墨设色国风，纵向卡牌构图，仿古铜色木质边框四角做旧有铆钉。画面主体为人物胸部以上半身肖像——张三丰位于画面中央，头戴道冠、白发挽髻，面容慈和清癯、眉目间透仙风道骨，白须及胸，身披灰褐色道袍、衣袍宽大如云，手持拂尘置于胸前，人物占画面约85%。设色方案以灰褐、竹青、暗金、月白为主——道袍以灰褐与竹青交织晕染，道冠描暗金与月白，拂尘以月白与竹青描绘，面部墨色清癯中透灰褐与竹青。背景为极淡的褐灰色晕染，不构成任何具体景物，大面积宣纸留白。无任何文字。整体色调以灰褐、竹青、暗金与月白为主，太极宗师、武当始祖，新国风设色写意，高对比度，大师级水墨画作，无日式或欧美风格。"
魂孙武,魂,3,诡道：受到伤害时判定（红桃回血/方块摸牌/黑桃掉血/梅花弃牌）；治军：手牌上限+1,铜绿+暗金+赭石+月白,"中国水墨设色国风，纵向卡牌构图，仿古铜色木质边框四角做旧有铆钉。画面主体为人物胸部以上半身肖像——孙武（魂）位于画面中央，头戴春秋武弁冠，面容沉毅睿智，长须飘逸，身披铜绿色战袍、衣袍隐约有魂纹暗影流转，手持《孙子兵法》置于胸前，人物占画面约85%。设色方案以铜绿、暗金、赭石、月白为主，衣袍边缘以暗金勾勒魂纹，面部墨色中透铜绿幽光。背景为极淡的青灰色晕染。无任何文字。整体色调以铜绿、暗金、赭石与月白为主，兵圣之魂、诡道无常，新国风设色写意，高对比度，大师级水墨画作，无日式或欧美风格。"
魂杨玉环,魂,3,羞花：弃红桃牌令男性角色跳过出牌；霓裳：【药】回复量+1,胭脂+藕荷+赤金+翠绿,"中国水墨设色国风，纵向卡牌构图，仿古铜色木质边框四角做旧有铆钉。画面主体为人物胸部以上半身肖像——杨玉环（魂）位于画面中央，发髻高挽、饰以金步摇与牡丹，面容丰腴娇媚，身披胭脂色锦袍、衣袍有魂纹暗影流转，手持团扇，人物占画面约85%。设色方案以胭脂、藕荷、赤金、翠绿为主，衣袍边缘以暗金勾勒魂纹，面部墨色中透胭脂幽光。背景为极淡的粉红色晕染。无任何文字。整体色调以胭脂、藕荷、赤金与翠绿为主，霓裳羽衣、贵妃之魂，新国风设色写意，高对比度，大师级水墨画作，无日式或欧美风格。"
魂小乔,魂,3,天香：弃一张牌取消任意角色判定；国色：你的红桃牌可当【无懈可击】使用,粉绿+藕荷+淡黄+朱砂,"中国水墨设色国风，纵向卡牌构图，仿古铜色木质边框四角做旧有铆钉。画面主体为人物胸部以上半身肖像——小乔（魂）位于画面中央，发髻双鬟如蝶，面容娇俏灵动，身披粉绿色长裙、衣袍有魂纹暗影，手持短笛，人物占画面约85%。设色方案以粉绿、藕荷、淡黄、朱砂为主，衣袍边缘以暗金勾勒魂纹。背景为极淡的绿粉色晕染。无任何文字。整体色调以粉绿、藕荷、淡黄与朱砂为主，江东二乔、天香国色，新国风设色写意，高对比度，大师级水墨画作，无日式或欧美风格。"
魂曹操,魂,4,奸雄：受到伤害后可获得造成伤害的牌；魂威：你的黑色锦囊牌不可被【无懈可击】,玄黑+暗红+暗金+赤铜,"中国水墨设色国风，纵向卡牌构图，仿古铜色木质边框四角做旧有铆钉。画面主体为人物胸部以上半身肖像——曹操（魂）位于画面中央，头戴王冠、冠冕垂旒，面容方正阔朗，双目如炬，身披玄黑色帝王袍、衣袍有魂纹暗影，双手按剑，人物占画面约85%。设色方案以玄黑、暗红、暗金、赤铜为主，衣袍边缘以暗金勾勒魂纹，面部墨色中透暗红幽光。背景为极淡的暗红色晕染。无任何文字。整体色调以玄黑、暗红、暗金与赤铜为主，奸雄之魂、乱世之奸雄，新国风设色写意，高对比度，大师级水墨画作，无日式或欧美风格。"
魂项羽,魂,4,霸王：你使用的【杀】造成伤害时可弃置目标一张牌；魂勇：你的【决斗】不可被【无懈可击】,乌金+赤红+暗紫+青铜,"中国水墨设色国风，纵向卡牌构图，仿古铜色木质边框四角做旧有铆钉。画面主体为人物胸部以上半身肖像——项羽（魂）位于画面中央，头戴紫金霸王冠，面容英武刚猛，双目怒视，身披乌金战甲、衣袍有魂纹暗影，人物占画面约85%。设色方案以乌金、赤红、暗紫、青铜为主，衣袍边缘以暗金勾勒魂纹，面部墨色中透赤红幽光。背景为极淡的紫灰色晕染。无任何文字。整体色调以乌金、赤红、暗紫与青铜为主，西楚霸王、力拔山兮气盖世，新国风设色写意，高对比度，大师级水墨画作，无日式或欧美风格。"
魂狄仁杰,魂,3,断案：弃牌令角色判定，红色则弃一张牌；举荐：回合结束令角色摸两张牌,玄青+赤金+月白+竹青,"中国水墨设色国风，纵向卡牌构图，仿古铜色木质边框四角做旧有铆钉。画面主体为人物胸部以上半身肖像——狄仁杰（魂）位于画面中央，头戴唐式幞头，面容睿智刚正，长须及胸，身披玄青色官袍、衣袍有魂纹暗影，手持案卷，人物占画面约85%。设色方案以玄青、赤金、月白、竹青为主，衣袍边缘以暗金勾勒魂纹。背景为极淡的青灰色晕染。无任何文字。整体色调以玄青、赤金、月白与竹青为主，狄公之魂、明镜高悬，新国风设色写意，高对比度，大师级水墨画作，无日式或欧美风格。"
魂鬼谷子,魂,3,纵横：♦牌当【合纵连横】使用；玄微：弃牌使同色牌伤害无效，延时锦囊不可无懈,玄紫+月白+暗金+竹青,"中国水墨设色国风，纵向卡牌构图，仿古铜色木质边框四角做旧有铆钉。画面主体为人物胸部以上半身肖像——鬼谷子（魂）位于画面中央，头戴道冠，面容清癯睿智，长须及胸，身披玄紫色道袍、衣袍有魂纹暗影，手持天书，人物占画面约85%。设色方案以玄紫、月白、暗金、竹青为主，衣袍边缘以暗金勾勒魂纹。背景为极淡的紫灰色晕染。无任何文字。整体色调以玄紫、月白、暗金与竹青为主，鬼谷之魂、纵横捭阖，新国风设色写意，高对比度，大师级水墨画作，无日式或欧美风格。"
魂张飞,魂,4,斗神：摸牌时可放弃摸牌判定，获得判定牌并将不同颜色手牌当【决斗】使用；魂威：你的【决斗】不可被【无懈可击】,铁灰+朱砂+暗金+墨绿,"中国水墨设色国风，纵向卡牌构图，仿古铜色木质边框四角做旧有铆钉。画面主体为人物胸部以上半身肖像——张飞（魂）位于画面中央，头戴铁灰色兜鍪、红缨如焰，面容粗犷威猛，双目圆睁，身披铁灰色山文甲、衣袍有魂纹暗影，手持丈八蛇矛，人物占画面约85%。设色方案以铁灰、朱砂、暗金、墨绿为主，衣袍边缘以暗金勾勒魂纹。背景为极淡的冷灰色晕染。无任何文字。整体色调以铁灰、朱砂、暗金与墨绿为主，万人敌之魂、当阳断桥，新国风设色写意，高对比度，大师级水墨画作，无日式或欧美风格。"
魂墨子,魂,3,兼爱：手牌可分配给任意角色；非攻：【杀】伤害-1；魂守：回合结束时可令一名角色摸一张牌,墨黑+赤铜+竹青+土黄,"中国水墨设色国风，纵向卡牌构图，仿古铜色木质边框四角做旧有铆钉。画面主体为人物胸部以上半身肖像——墨子（魂）位于画面中央，头戴布巾，面容古朴睿智，长须灰白，身披墨黑色粗布深衣、衣袍有魂纹暗影，人物占画面约85%。设色方案以墨黑、赤铜、竹青、土黄为主，衣袍边缘以暗金勾勒魂纹。背景为极淡的褐灰色晕染。无任何文字。整体色调以墨黑、赤铜、竹青与土黄为主，墨家之魂、兼爱非攻，新国风设色写意，高对比度，大师级水墨画作，无日式或欧美风格。"
魂刘邦,魂,4,驭人：出牌阶段可弃一张牌令一名角色摸一张牌；魂运：你的红色手牌可当【无懈可击】使用,暗红+墨绿+赤金+赭石,"中国水墨设色国风，纵向卡牌构图，仿古铜色木质边框四角做旧有铆钉。画面主体为人物胸部以上半身肖像——刘邦（魂）位于画面中央，头戴汉式通天冠，面容开阔洒脱，身披暗红色帝王袍、衣袍有魂纹暗影，人物占画面约85%。设色方案以暗红、墨绿、赤金、赭石为主，衣袍边缘以暗金勾勒魂纹。背景为极淡的褐红色晕染。无任何文字。整体色调以暗红、墨绿、赤金与赭石为主，布衣天子之魂、约法三章，新国风设色写意，高对比度，大师级水墨画作，无日式或欧美风格。"
吕布,君,4,无双：你使用的【杀】需要两张【闪】才能抵消；武勇：你造成的【决斗】伤害+1,乌金+赤红+暗紫+赤铜,"中国水墨设色国风，纵向卡牌构图，仿古铜色木质边框四角做旧有铆钉。画面主体为人物胸部以上半身肖像——吕布位于画面中央，头戴三叉束发紫金冠、冠上双翎高扬，面容英武刚猛、眉目间透无敌之气，身披乌金战甲、肩甲如兽首，手持方天画戟斜扛于肩，人物占画面约85%。设色方案以乌金、赤红、暗紫、赤铜为主——战甲以乌金与暗紫交织晕染，紫金冠双翎描赤红与赤铜，方天画戟以赤铜与乌金描绘，面部墨色威猛中透乌金与赤红。背景为极淡的紫灰色晕染，不构成任何具体景物，大面积宣纸留白。无任何文字。整体色调以乌金、赤红、暗紫与赤铜为主，飞将无双、人中吕布，新国风设色写意，高对比度，大师级水墨画作，无日式或欧美风格。"
萧太后,君,3,摄政：出牌阶段可弃一张牌令一名角色翻面；巾帼：你对男性角色造成的伤害+1,暗紫+暗金+赤红+墨绿,"中国水墨设色国风，纵向卡牌构图，仿古铜色木质边框四角做旧有铆钉。画面主体为人物胸部以上半身肖像——萧太后位于画面中央，头戴辽式凤冠、冠饰繁复，面容端庄威仪、眉目间透摄政之气，身披暗紫色锦袍、衣袍饰以契丹纹样，人物占画面约85%。设色方案以暗紫、暗金、赤红、墨绿为主——锦袍以暗紫与墨绿交织晕染，凤冠描暗金与赤红，契丹纹以暗金勾勒，面部墨色威仪中透暗紫与暗金。背景为极淡的紫红色晕染，不构成任何具体景物，大面积宣纸留白。无任何文字。整体色调以暗紫、暗金、赤红与墨绿为主，辽国女主、摄政太后，新国风设色写意，高对比度，大师级水墨画作，无日式或欧美风格。"
孟获,君,4,南蛮：你使用的【杀】可指定两名角色；归心：你受到伤害时可摸一张牌,赭褐+暗红+墨绿+赤铜,"中国水墨设色国风，纵向卡牌构图，仿古铜色木质边框四角做旧有铆钉。画面主体为人物胸部以上半身肖像——孟获位于画面中央，头戴南中皮盔、饰以兽牙，面容粗犷豪迈、眉目间透南蛮之气，胡须蓬乱，身披赭褐色兽皮战袍、肩披兽毛领，人物占画面约85%。设色方案以赭褐、暗红、墨绿、赤铜为主——兽皮战袍以赭褐与墨绿交织晕染，皮盔兽牙描赤铜与暗红，兽毛领以暗红与赭褐描绘，面部墨色粗犷中透赭褐与暗红。背景为极淡的褐绿色晕染，不构成任何具体景物，大面积宣纸留白。无任何文字。整体色调以赭褐、暗红、墨绿与赤铜为主，南蛮之王、七擒七纵，新国风设色写意，高对比度，大师级水墨画作，无日式或欧美风格。"
兰陵王,臣,4,入阵：出牌阶段可弃一张牌令一名角色摸一张牌并翻面；面具：你使用的【杀】不可被【闪】响应,玄紫+银白+暗金+赤红,"中国水墨设色国风，纵向卡牌构图，仿古铜色木质边框四角做旧有铆钉。画面主体为人物胸部以上半身肖像——兰陵王位于画面中央，头戴狰狞鬼面面具、只露双目如电，面容隐藏于面具之后、神秘冷峻，身披玄紫色战袍、外罩银白铠甲，手持长戟斜立，人物占画面约85%。设色方案以玄紫、银白、暗金、赤红为主——战甲以玄紫与银白交织晕染，鬼面面具描暗金与赤红，长戟以银白与暗金描绘，双目墨色锐利中透玄紫与暗金。背景为极淡的紫灰色晕染，不构成任何具体景物，大面积宣纸留白。无任何文字。整体色调以玄紫、银白、暗金与赤红为主，面具战神、北齐孤狼，新国风设色写意，高对比度，大师级水墨画作，无日式或欧美风格。"
祝融,臣,3,烈刃：你使用的【杀】造成伤害时可弃置目标一张牌；火神：你对装备区有牌的角色造成的【杀】伤害+1,赤红+暗金+墨绿+赭石,"中国水墨设色国风，纵向卡牌构图，仿古铜色木质边框四角做旧有铆钉。画面主体为人物胸部以上半身肖像——祝融位于画面中央，头戴南中羽冠、饰以鸟羽，面容英武野性、眉目间透火神之气，身披赤红色战袍、外罩皮甲，手持飞刀暗藏于袖，人物占画面约85%。设色方案以赤红、暗金、墨绿、赭石为主——战袍以赤红与赭石交织晕染，羽冠描暗金与墨绿，飞刀以暗金与银白描绘，面部墨色英武中透赤红与暗金。背景为极淡的红灰色晕染，不构成任何具体景物，大面积宣纸留白。无任何文字。整体色调以赤红、暗金、墨绿与赭石为主，火神之女、南中巾帼，新国风设色写意，高对比度，大师级水墨画作，无日式或欧美风格。"
六耳猕猴,民,3,六耳：你使用的【杀】可额外指定一名角色；幻形：你可将一张手牌当任意基本牌使用（每回合限一次）,金褐+暗紫+赤红+墨绿,"中国水墨设色国风，纵向卡牌构图，仿古铜色木质边框四角做旧有铆钉。画面主体为人物胸部以上半身肖像——六耳猕猴位于画面中央，头戴金箍、毛发蓬松如猴，面容精悍狡黠、六耳隐现于发间，双目灵动如电，身披金褐色短褐、衣袍简朴，手持铁棍斜扛于肩，人物占画面约85%。设色方案以金褐、暗紫、赤红、墨绿为主——短褐以金褐与墨绿交织晕染，金箍描暗紫与赤红，铁棍以铁灰与暗金描绘，面部墨色精悍中透金褐与暗紫。背景为极淡的金灰色晕染，不构成任何具体景物，大面积宣纸留白。无任何文字。整体色调以金褐、暗紫、赤红与墨绿为主，六耳猕猴、真假美猴王，新国风设色写意，高对比度，大师级水墨画作，无日式或欧美风格。"